<?xml version="1.0"?>
<schema version="0.3">
  <table name="users">
    <field name="user_id" type="I" size="3">
      <KEY/>
      <AUTOINCREMENT/>
    </field>
    <field name="user_name" type="C" size="32">
      <NOTNULL/>
    </field>
    <field name="user_pass" type="C" size="40"/>
    <field name="real_name" type="C" size="100">
      <NOTNULL/>
    </field>
    <field name="jabber_id" type="C" size="100">
      <NOTNULL/>
    </field>
    <field name="email_address" type="C" size="100">
      <NOTNULL/>
    </field>
    <field name="notify_type" type="I" size="1">
      <NOTNULL/>
      <DEFAULT value="0"/>
    </field>
    <field name="notify_own" type="I" size="6">
      <NOTNULL/>
      <DEFAULT value="0"/>
    </field>
    <field name="account_enabled" type="I" size="1">
      <NOTNULL/>
      <DEFAULT value="0"/>
    </field>
    <field name="dateformat" type="C" size="30">
      <NOTNULL/>
      <DEFAULT value=""/>
    </field>
    <field name="dateformat_extended" type="C" size="30">
      <NOTNULL/>
      <DEFAULT value=""/>
    </field>
    <field name="magic_url" type="C" size="40">
      <NOTNULL/>
      <DEFAULT value=""/>
    </field>
    <field name="tasks_perpage" type="I" size="3">
      <NOTNULL/>
      <DEFAULT value="0"/>
    </field>
    <field name="register_date" type="I" size="11">
      <NOTNULL/>
      <DEFAULT value="0"/>
    </field>
    <field name="time_zone" type="I" size="6">
      <NOTNULL/>
      <DEFAULT value="0"/>
    </field>
    <field name="login_attempts" type="I" size="11">
      <NOTNULL/>
      <DEFAULT value="0"/>
    </field>
    <field name="lock_until" type="I" size="11">
      <NOTNULL/>
      <DEFAULT value="0"/>
    </field>
    <field name="lang_code" type="C" size="10">
      <NOTNULL/>
      <DEFAULT value="0"/>
    </field>
    <field name="oauth_uid" type="C" size="255">
      <NOTNULL/>
      <DEFAULT value="0"/>
    </field>
    <field name="oauth_provider" type="C" size="10">
      <NOTNULL/>
      <DEFAULT value=""/>
    </field>
    <field name="profile_image" type="C" size="100">
      <NOTNULL/>
      <DEFAULT value=""/>
    </field>
    <field name="hide_my_email" type="I" size="1">
      <NOTNULL/>
      <DEFAULT value="0"/>
    </field>
    <field name="notify_online" type="I" size="1">
      <NOTNULL/>
      <DEFAULT value="0"/>
    </field>
    <index name="user_name">
      <UNIQUE/>
      <col>user_name</col>
    </index>
  </table>
  <table name="user_emails">
	  <field name="id" type="I" size="5"></field>
	  <field name="email_address" type="C" size="100"></field>
    <field name="oauth_uid" type="C" size="255">
      <NOTNULL/>
      <DEFAULT value="0"/>
    </field>
    <field name="oauth_provider" type="C" size="10">
      <NOTNULL/>
      <DEFAULT value=""/>
    </field>
  </table>
  <table name="effort">
        <field name="effort_id" type="I" size="10">
            <KEY/>
            <AUTOINCREMENT/>
        </field>
        <field name="task_id" type="I" size="10">
            <NOTNULL/>
            <DEFAULT value="0"/>
        </field>
        <field name="date_added" type="I" size="11">
            <NOTNULL/>
            <DEFAULT value="0"/>
        </field>
        <field name="user_id" type="I" size="3">
            <NOTNULL/>
            <DEFAULT value="0"/>
        </field>
        <field name="start_timestamp" type="I" size="11"/>
        <field name="end_timestamp" type="I" size="11"/>
        <field name="effort" type="I" size="15">
            <NOTNULL/>
            <DEFAULT value="0"/>
        </field>
        <index name="task_id_effort">
            <col>task_id</col>
        </index>
    </table>
  <table name="groups">
    <field name="group_id" type="I" size="3">
      <KEY/>
      <AUTOINCREMENT/>
    </field>
    <field name="group_name" type="C" size="20">
      <NOTNULL/>
    </field>
    <field name="group_desc" type="C" size="150">
      <NOTNULL/>
    </field>
    <field name="project_id" type="I" size="3">
      <NOTNULL/>
      <DEFAULT value="0"/>
    </field>
    <field name="is_admin" type="I" size="1">
      <NOTNULL/>
      <DEFAULT value="0"/>
    </field>
    <field name="manage_project" type="I" size="1">
      <NOTNULL/>
      <DEFAULT value="0"/>
    </field>
    <field name="view_tasks" type="I" size="1">
      <NOTNULL/>
      <DEFAULT value="0"/>
    </field>
    <field name="open_new_tasks" type="I" size="1">
      <NOTNULL/>
      <DEFAULT value="0"/>
    </field>
    <field name="modify_own_tasks" type="I" size="1">
      <NOTNULL/>
      <DEFAULT value="0"/>
    </field>
    <field name="modify_all_tasks" type="I" size="1">
      <NOTNULL/>
      <DEFAULT value="0"/>
    </field>
    <field name="view_comments" type="I" size="1">
      <NOTNULL/>
      <DEFAULT value="0"/>
    </field>
    <field name="add_comments" type="I" size="1">
      <NOTNULL/>
      <DEFAULT value="0"/>
    </field>
    <field name="edit_comments" type="I" size="1">
      <NOTNULL/>
      <DEFAULT value="0"/>
    </field>
    <field name="edit_own_comments" type="I" size="1">
      <NOTNULL/>
      <DEFAULT value="0"/>
    </field>
    <field name="delete_comments" type="I" size="1">
      <NOTNULL/>
      <DEFAULT value="0"/>
    </field>
    <field name="create_attachments" type="I" size="1">
      <NOTNULL/>
      <DEFAULT value="0"/>
    </field>
    <field name="delete_attachments" type="I" size="1">
      <NOTNULL/>
      <DEFAULT value="0"/>
    </field>
    <field name="view_history" type="I" size="1">
      <NOTNULL/>
      <DEFAULT value="0"/>
    </field>
    <field name="close_own_tasks" type="I" size="1">
      <NOTNULL/>
      <DEFAULT value="0"/>
    </field>
    <field name="close_other_tasks" type="I" size="1">
      <NOTNULL/>
      <DEFAULT value="0"/>
    </field>
    <field name="assign_to_self" type="I" size="1">
      <NOTNULL/>
      <DEFAULT value="0"/>
    </field>
    <field name="assign_others_to_self" type="I" size="1">
      <NOTNULL/>
      <DEFAULT value="0"/>
    </field>
    <field name="add_to_assignees" type="I" size="1">
      <NOTNULL/>
      <DEFAULT value="0"/>
    </field>
    <field name="view_reports" type="I" size="1">
      <NOTNULL/>
      <DEFAULT value="0"/>
    </field>
    <field name="add_votes" type="I" size="1">
      <NOTNULL/>
      <DEFAULT value="0"/>
    </field>
    <field name="edit_assignments" type="I" size="1">
      <NOTNULL/>
      <DEFAULT value="0"/>
    </field>
    <field name="show_as_assignees" type="I" size="1">
      <NOTNULL/>
      <DEFAULT value="0"/>
    </field>
    <field name="view_estimated_effort" type="I" size="1">
      <NOTNULL/>
      <DEFAULT value="0"/>
    </field>
    <field name="view_current_effort_done" type="I" size="1">
      <NOTNULL/>
      <DEFAULT value="0"/>
    </field>
    <field name="track_effort" type="I" size="1">
      <NOTNULL/>
      <DEFAULT value="0"/>
    </field>
    <field name="group_open" type="I" size="1">
      <NOTNULL/>
      <DEFAULT value="0"/>
    </field>
    <field name="add_multiple_tasks" type="I" size="1">
      <NOTNULL/>
      <DEFAULT value="0"/>
    </field>
    <field name="view_roadmap" type="I" size="1">
      <NOTNULL/>
      <DEFAULT value="0"/>
    </field>
    <field name="view_own_tasks" type="I" size="1">
      <NOTNULL/>
      <DEFAULT value="1"/>
    </field>
    <field name="view_groups_tasks" type="I" size="1">
      <NOTNULL/>
      <DEFAULT value="1"/>
    </field>
    <index name="group_name">
      <UNIQUE/>
      <col>group_name</col>
      <col>project_id</col>
    </index>
    <index name="belongs_to_project">
      <col>project_id</col>
    </index>
  </table>
  <table name="projects">
    <field name="project_id" type="I" size="3">
      <KEY/>
      <AUTOINCREMENT/>
    </field>
    <field name="project_title" type="C" size="100">
      <NOTNULL/>
    </field>
    <field name="theme_style" type="C" size="20">
      <NOTNULL/>
      <DEFAULT value="0"/>
    </field>
    <field name="default_cat_owner" type="I" size="3">
      <NOTNULL/>
      <DEFAULT value="0"/>
    </field>
    <field name="intro_message" type="X">
      <NOTNULL/>
      <DEFAULT value=""/>
    </field>
    <field name="project_is_active" type="I" size="1">
      <NOTNULL/>
      <DEFAULT value="0"/>
    </field>
    <field name="visible_columns" type="C" size="255">
      <NOTNULL/>
    </field>
    <field name="visible_fields" type="C" size="255">
      <NOTNULL/>
      <DEFAULT value=""/>
    </field>
    <field name="others_view" type="I" size="1">
      <NOTNULL/>
      <DEFAULT value="0"/>
    </field>
    <field name="anon_open" type="I" size="1">
      <NOTNULL/>
      <DEFAULT value="0"/>
    </field>
    <field name="notify_email" type="X">
      <NOTNULL/>
      <DEFAULT value=""/>
    </field>
    <field name="notify_jabber" type="X">
      <NOTNULL/>
      <DEFAULT value=""/>
    </field>
    <field name="notify_reply" type="X">
      <NOTNULL/>
      <DEFAULT value=""/>
    </field>
    <field name="notify_types" type="C" size="100">
      <NOTNULL/>
      <DEFAULT value="0"/>
    </field>
    <field name="feed_img_url" type="X">
      <NOTNULL/>
      <DEFAULT value=""/>
    </field>
    <field name="feed_description" type="X">
      <NOTNULL/>
      <DEFAULT value=""/>
    </field>
    <field name="notify_subject" type="C" size="100">
      <NOTNULL/>
      <DEFAULT value=""/>
    </field>
    <field name="lang_code" type="C" size="10">
      <NOTNULL/>
    </field>
    <field name="comment_closed" type="I" size="1">
      <NOTNULL/>
      <DEFAULT value="0"/>
    </field>
    <field name="auto_assign" type="I" size="1">
      <NOTNULL/>
      <DEFAULT value="0"/>
    </field>
    <field name="last_updated" type="I" size="11">
      <NOTNULL/>
      <DEFAULT value="0"/>
    </field>
    <field name="default_task" type="X">
      <NOTNULL/>
    </field>
    <field name="default_entry" type="C" size="8">
      <NOTNULL/>
      <DEFAULT value="index"/>
    </field>
    <field name="disp_intro" type="I" size="1">
      <DEFAULT value="0"/>
    </field>
    <field name="use_effort_tracking" type="I" size="1">
      <DEFAULT value="0"/>
    </field>
    <field name="default_due_version" type="C" size="40">
      <NOTNULL/>
      <DEFAULT value="Undecided"/>
    </field>
    <field name="pages_intro_msg" type="C" size="80">
      <NOTNULL/>
      <DEFAULT value="index"/>
     </field>
    <field name="hours_per_manday" type="I" size="11">
      <NOTNULL/>
      <DEFAULT value="0"/>
    </field>
    <field name="estimated_effort_format" type="I" size="3">
      <NOTNULL/>
      <DEFAULT value="0"/>
    </field>
    <field name="current_effort_done_format" type="I" size="3">
      <NOTNULL/>
      <DEFAULT value="0"/>
    </field>
    <field name="default_order_by" type="C" size="30">
      <NOTNULL/>
      <DEFAULT value="id"/>
    </field>
    <field name="default_order_by_dir" type="C" size="5">
      <NOTNULL/>
      <DEFAULT value="desc"/>
    </field>
  </table>
  <table name="tasks">
    <field name="task_id" type="I" size="10">
      <KEY/>
      <AUTOINCREMENT/>
    </field>
    <field name="project_id" type="I" size="3">
      <NOTNULL/>
      <DEFAULT value="0"/>
    </field>
    <field name="task_type" type="I" size="3">
      <NOTNULL/>
      <DEFAULT value="0"/>
    </field>
    <field name="date_opened" type="I" size="11">
      <NOTNULL/>
      <DEFAULT value="0"/>
    </field>
    <field name="opened_by" type="I" size="3">
      <NOTNULL/>
      <DEFAULT value="0"/>
    </field>
    <field name="is_closed" type="I" size="1">
      <NOTNULL/>
      <DEFAULT value="0"/>
    </field>
    <field name="date_closed" type="I" size="11">
      <NOTNULL/>
      <DEFAULT value="0"/>
    </field>
    <field name="closed_by" type="I" size="3">
      <NOTNULL/>
      <DEFAULT value="0"/>
    </field>
    <field name="closure_comment" type="X">
      <NOTNULL/>
    </field>
    <field name="item_summary" type="C" size="100">
      <NOTNULL/>
    </field>
    <field name="detailed_desc" type="X">
      <NOTNULL/>
    </field>
    <field name="item_status" type="I" size="3">
      <NOTNULL/>
      <DEFAULT value="0"/>
    </field>
    <field name="resolution_reason" type="I" size="3">
      <NOTNULL/>
      <DEFAULT value="1"/>
    </field>
    <field name="product_category" type="I" size="3">
      <NOTNULL/>
      <DEFAULT value="0"/>
    </field>
    <field name="product_version" type="I" size="3">
      <NOTNULL/>
      <DEFAULT value="0"/>
    </field>
    <field name="closedby_version" type="I" size="3">
      <NOTNULL/>
      <DEFAULT value="0"/>
    </field>
    <field name="operating_system" type="I" size="3">
      <NOTNULL/>
      <DEFAULT value="0"/>
    </field>
    <field name="task_severity" type="I" size="3">
      <NOTNULL/>
      <DEFAULT value="0"/>
    </field>
    <field name="task_priority" type="I" size="3">
      <NOTNULL/>
      <DEFAULT value="0"/>
    </field>
    <field name="last_edited_by" type="I" size="3">
      <NOTNULL/>
      <DEFAULT value="0"/>
    </field>
    <field name="last_edited_time" type="I" size="11">
      <NOTNULL/>
      <DEFAULT value="0"/>
    </field>
    <field name="percent_complete" type="I" size="3">
      <NOTNULL/>
      <DEFAULT value="0"/>
    </field>
    <field name="mark_private" type="I" size="1">
      <NOTNULL/>
      <DEFAULT value="0"/>
    </field>
    <field name="due_date" type="I" size="11">
      <NOTNULL/>
      <DEFAULT value="0"/>
    </field>
    <field name="anon_email" type="C" size="100">
      <NOTNULL/>
      <DEFAULT value=""/>
    </field>
    <field name="task_token" type="C" size="32">
      <NOTNULL/>
      <DEFAULT value="0"/>
    </field>
    <field name="supertask_id" type="I" size="10">
      <DEFAULT value="0"/>
    </field>
    <field name="list_order" type="I" size="3">
      <DEFAULT value="0"/>
    </field>
    <field name="estimated_effort" type="I" size="3">
      <DEFAULT value="0"/>
    </field>
    <index name="attached_to_project">
      <col>project_id</col>
    </index>
    <index name="task_severity">
      <col>task_severity</col>
    </index>
    <index name="task_type">
      <col>task_type</col>
    </index>
    <index name="product_category">
      <col>product_category</col>
    </index>
    <index name="item_status">
      <col>item_status</col>
    </index>
    <index name="is_closed">
      <col>is_closed</col>
    </index>
    <index name="closedby_version">
      <col>closedby_version</col>
    </index>
    <index name="due_date">
      <col>due_date</col>
    </index>
    <index name="task_project_super">
      <col>project_id</col>
      <col>supertask_id</col>
      <col>list_order</col>
    </index>
    <index name="task_super">
      <col>supertask_id</col>
      <col>list_order</col>
    </index>
  </table>
  <table name="links">
    <field name="link_id" type="I" size="11">
      <KEY/>
      <AUTOINCREMENT/>
    </field>
    <field name="task_id" type="I" size="11">
      <NOTNULL/>
      <DEFAULT value="0"/>
    </field>
    <field name="comment_id" type="I" size="11">
      <NOTNULL/>
      <DEFAULT value="0"/>
    </field>
    <field name="url" type="X">
      <NOTNULL/>
    </field>
    <field name="added_by" type="I" size="11">
      <NOTNULL/>
      <DEFAULT value="0"/>
    </field>
    <field name="date_added" type="I" size="11">
      <NONULL/>
      <DEFAULT value="0"/>
    </field>
    <index name="task_id_links">
	<col>task_id</col>
    </index>
  </table>
  <table name="tags">
          <field name="task_id" type="I" size="5"></field>
	  <field name="tag" type="C" size="100"></field>
  </table>
  <table name="list_os">
    <field name="os_id" type="I" size="3">
      <KEY/>
      <AUTOINCREMENT/>
    </field>
    <field name="project_id" type="I" size="3">
      <NOTNULL/>
      <DEFAULT value="0"/>
    </field>
    <field name="os_name" type="C" size="40">
      <NOTNULL/>
    </field>
    <field name="list_position" type="I" size="3">
      <NOTNULL/>
      <DEFAULT value="0"/>
    </field>
    <field name="show_in_list" type="I" size="1">
      <NOTNULL/>
      <DEFAULT value="0"/>
    </field>
    <index name="project_id_os">
      <UNIQUE/>
      <col>project_id</col>
      <col>os_name</col>
    </index>
  </table>
  <table name="list_resolution">
    <field name="resolution_id" type="I" size="3">
      <KEY/>
      <AUTOINCREMENT/>
    </field>
    <field name="resolution_name" type="C" size="30">
      <NOTNULL/>
    </field>
    <field name="list_position" type="I" size="3">
      <NOTNULL/>
      <DEFAULT value="0"/>
    </field>
    <field name="show_in_list" type="I" size="1">
      <NOTNULL/>
      <DEFAULT value="0"/>
    </field>
    <field name="project_id" type="I" size="3">
      <NOTNULL/>
      <DEFAULT value="0"/>
    </field>
    <index name="project_id_res">
      <UNIQUE/>
      <col>project_id</col>
      <col>resolution_name</col>
    </index>
  </table>
  <table name="list_status">
    <field name="status_id" type="I" size="3">
      <KEY/>
      <AUTOINCREMENT/>
    </field>
    <field name="status_name" type="C" size="40">
      <NOTNULL/>
    </field>
    <field name="list_position" type="I" size="3">
      <NOTNULL/>
      <DEFAULT value="0"/>
    </field>
    <field name="show_in_list" type="I" size="1">
      <NOTNULL/>
      <DEFAULT value="0"/>
    </field>
    <field name="project_id" type="I" size="3">
      <NOTNULL/>
      <DEFAULT value="0"/>
    </field>
    <index name="project_id_status">
      <UNIQUE/>
      <col>project_id</col>
      <col>status_name</col>
    </index>
  </table>
  <table name="list_tasktype">
    <field name="tasktype_id" type="I" size="3">
      <KEY/>
      <AUTOINCREMENT/>
    </field>
    <field name="tasktype_name" type="C" size="40">
      <NOTNULL/>
    </field>
    <field name="list_position" type="I" size="3">
      <NOTNULL/>
      <DEFAULT value="0"/>
    </field>
    <field name="show_in_list" type="I" size="1">
      <NOTNULL/>
      <DEFAULT value="0"/>
    </field>
    <field name="project_id" type="I" size="3">
      <NOTNULL/>
      <DEFAULT value="0"/>
    </field>
    <index name="project_id_tt">
      <UNIQUE/>
      <col>project_id</col>
      <col>tasktype_name</col>
    </index>
  </table>
  <table name="list_version">
    <field name="version_id" type="I" size="3">
      <KEY/>
      <AUTOINCREMENT/>
    </field>
    <field name="project_id" type="I" size="3">
      <NOTNULL/>
      <DEFAULT value="0"/>
    </field>
    <field name="version_name" type="C" size="40">
      <NOTNULL/>
    </field>
    <field name="list_position" type="I" size="3">
      <NOTNULL/>
      <DEFAULT value="0"/>
    </field>
    <field name="show_in_list" type="I" size="1">
      <NOTNULL/>
      <DEFAULT value="0"/>
    </field>
    <field name="version_tense" type="I" size="1">
      <NOTNULL/>
      <DEFAULT value="0"/>
    </field>
    <index name="project_id_version_name">
      <UNIQUE/>
      <col>project_id</col>
      <col>version_name</col>
    </index>
    <index name="project_id_version">
      <col>project_id</col>
      <col>version_tense</col>
    </index>
  </table>
</schema>