<?xml version="1.0"?>
<schema version="0.3">
  <table name="users">
    <field name="user_id" type="I" size="3">
      <KEY/>
      <AUTOINCREMENT/>
    </field>
    <field name="user_name" type="C" size="32">
      <NOTNULL/>
    </field>
    <field name="user_pass" type="C" size="40"/>
    <field name="real_name" type="C" size="100">
      <NOTNULL/>
    </field>
    <field name="jabber_id" type="C" size="100">
      <NOTNULL/>
    </field>
    <field name="email_address" type="C" size="100">
      <NOTNULL/>
    </field>
    <field name="notify_type" type="I" size="1">
      <NOTNULL/>
      <DEFAULT value="0"/>
    </field>
    <field name="notify_own" type="I" size="6">
      <NOTNULL/>
      <DEFAULT value="0"/>
    </field>
    <field name="account_enabled" type="I" size="1">
      <NOTNULL/>
      <DEFAULT value="0"/>
    </field>
    <field name="dateformat" type="C" size="30">
      <NOTNULL/>
      <DEFAULT value=""/>
    </field>
    <field name="dateformat_extended" type="C" size="30">
      <NOTNULL/>
      <DEFAULT value=""/>
    </field>
    <field name="magic_url" type="C" size="40">
      <NOTNULL/>
      <DEFAULT value=""/>
    </field>
    <field name="tasks_perpage" type="I" size="3">
      <NOTNULL/>
      <DEFAULT value="0"/>
    </field>
    <field name="register_date" type="I" size="11">
      <NOTNULL/>
      <DEFAULT value="0"/>
    </field>
    <field name="time_zone" type="I" size="6">
      <NOTNULL/>
      <DEFAULT value="0"/>
    </field>
    <field name="login_attempts" type="I" size="11">
      <NOTNULL/>
      <DEFAULT value="0"/>
    </field>
    <field name="lock_until" type="I" size="11">
      <NOTNULL/>
      <DEFAULT value="0"/>
    </field>
    <index name="user_name">
      <UNIQUE/>
      <col>user_name</col>
    </index>
  </table>
</schema>